Train Number,Custom Name,Featured Image URL,Small Image URL,Description
0,Default,/wp-content/uploads/2023/11/FindMyTrainLoadingImage_02.jpg,/wp-content/uploads/2023/11/FindMyTrainAMP000Small_01.jpg,Standard Auckland metro train
321,AM321 - Lots Of Bikes And Prams,/wp-content/uploads/2025/06/FindMyTrainFeaturedAMP321_01.jpg,/wp-content/uploads/2025/06/FindMyTrainFSmallAMP321_01.jpg,"Featuring lots of room for bikes and prams this train is a one-off maxed out with extra folding seats."
674,AM674 - Kia Mataara. Kia Haumaru Te Haere,/wp-content/uploads/2023/11/FindMyTrainAMP674_01.jpg,/wp-content/uploads/2023/11/FindMyTrainAMP674Small_01.jpg,"The artists were Charles and Janine Williams"
877,AM877 - Neon,/wp-content/uploads/2026/10/FindMyTrainAMP877_Neon_01.jpg,/wp-content/uploads/2026/10/FindMyTrainAMP877_Neon_Small_01.jpg,"Neon Stream Train"
973,AM973 - Woolworths,/wp-content/uploads/2026/10/FindMyTrainAMP973_Woolworths_01.jpg,/wp-content/uploads/2026/10/FindMyTrainAMP973_Woolworths_small_01.jpg,"Woolworths 30 years of online orders"
810,AM810 - TradeMe Properties,/wp-content/uploads/2026/10/FindMyTrainAMP810_TradeMeProperties_02.jpg,/wp-content/uploads/2026/10/FindMyTrainAMP810_TradeMeProperties_Small02.jpg,"TradeMe Properties"
1005,AM1005 - Livery V2,/wp-content/uploads/2023/11/FindMyTrainLoadingImage_02.jpg,/wp-content/uploads/2026/10/LiveryV2_01.jpg,"Livery V2 design"
1087,AM1087 - Livery V2,/wp-content/uploads/2023/11/FindMyTrainLoadingImage_02.jpg,/wp-content/uploads/2026/10/LiveryV2_01.jpg,"Livery V2 design"
1196,AM1196 - Livery V2,/wp-content/uploads/2023/11/FindMyTrainLoadingImage_02.jpg,/wp-content/uploads/2026/10/LiveryV2_01.jpg,"Livery V2 design"
661,AM661 - Unwrapped,/wp-content/uploads/2023/11/FindMyTrainLoadingImage_02.jpg,/wp-content/uploads/2026/10/FindMyTrainAMP000UnwrappedSmall_01.jpg,"Unwrapped design"
620,AM620 - Unwrapped,/wp-content/uploads/2023/11/FindMyTrainLoadingImage_02.jpg,/wp-content/uploads/2026/10/FindMyTrainAMP000UnwrappedSmall_01.jpg,"Unwrapped design"
509,AM509 - Unwrapped,/wp-content/uploads/2023/11/FindMyTrainLoadingImage_02.jpg,/wp-content/uploads/2026/10/FindMyTrainAMP000UnwrappedSmall_01.jpg,"Unwrapped design"
471,AM471 - Unwrapped,/wp-content/uploads/2023/11/FindMyTrainLoadingImage_02.jpg,/wp-content/uploads/2026/10/FindMyTrainAMP000UnwrappedSmall_01.jpg,"Unwrapped design"
593,AM593 - Unwrapped,/wp-content/uploads/2023/11/FindMyTrainLoadingImage_02.jpg,/wp-content/uploads/2026/10/FindMyTrainAMP000UnwrappedSmall_01.jpg,"Unwrapped design"